"","condition","mean_prop_duration_peeking","se","min","max"
"1","Functional",0.0452611638886481,0.0145960333415906,0,0.827147701582517
"2","Non-functional",0.0299178528040967,0.010182883772128,0,0.799791832486377
