"","condition","mean_prop_duration_peeking","se","min","max"
"1","Functional",0.0198411659902531,0.00796843259290595,0,0.698175673345519
"2","Non-functional",0.023066469474172,0.00803318448641383,0,0.763563962170234
