"","Estimate","SE","Chi2","df","p","z_wald","p_wald"
"(Intercept)","-3.07","0.20","  NA",NA,"   NA",-15.7086208046469,1.3201997666957e-55
"conditionNon-functional","-0.09","0.16","0.34",1,"0.558",-0.58761624532094,0.556789904403047
"z.trial"," 0.03","0.08","0.18",1,"0.671",0.41733668246545,0.676432160941066
