"","Estimate","SE","Chi2","df","p","z_wald","p_wald"
"(Intercept)","-4.42","1.20","  NA",NA,"   NA",-3.6856108114429,0.000228154783294947
"conditionNon-functional"," 1.37","0.76","2.95",1,"0.086",1.80097438872642,0.0717069168071741
"z.trial","-1.59","0.80","7.06",1,"0.008",-1.98951426243506,0.0466444691512754
